case,rows,entropy_ns_per_op,sqlite_ns_per_op,ratio
insert_batch,1000,940970.17628372,1048274.0414854955,0.8976375823923708
insert_batch,10000,9693951.47655411,6992260.90900901,1.3863829743630094
point_select,1000,46041.012441944404,23019.685279989073,2.0000713251265725
point_select,10000,459723.1017286226,179783.31808551657,2.55709543368172
