case,rows,entropy_ns_per_op,sqlite_ns_per_op,ratio
insert_batch,1000,1137349.9002335002,968605.1588385025,1.1742141675121234
insert_batch,10000,38729879.56533001,6951009.402708972,5.571835300673895
point_select,1000,225263.01242356992,22669.782632086633,9.936708087563858
point_select,10000,2179540.693759918,180032.4757983391,12.106375164230373
